"species","freq_tot","abund_tot","abund_rel.sites.mean"
"10013",11,6.5,0.0411249423095912
"10037",4,3,0.018348623853211
"10042",43,18.5,0.0681278643939628
"10068",1,0,NA
"10070",10,3,0.0348837209302326
"10080",5,0,NA
"10090",23,6.5,0.0242908701475352
"10106",68,208,0.0446706015287257
"10113",207,42,0.0492406677192514
"10118",10,1,0.0049793956043956
"10130",109,653,0.0627779406276565
"10145",7,6.5,0.0221498076474402
"10147",9,4.5,0.00737694793701332
"10166",1,0,NA
"10169",53,53.5,0.0323128378999963
"10182",23,117.5,0.0565300479221395
"10183",5,0,NA
"10191",2,0,NA
"10192",27,73.5,0.16453417790976
"10237",17,3.5,0.0148591679792458
"10249",1,0,NA
"10280",9,0,NA
"10289",3,0,NA
"10312",72,79,0.0145551312385541
"10323",62,105,0.042429462582893
"10324",29,0,NA
"10328",116,265.5,0.0735637281068677
"10339",8,4,0.0448765319234305
"10340",15,3,0.0215827338129496
"10341",1,0,NA
"10342",1,0.5,0.00333333333333333
"10362",119,11.5,0.016041061859541
"10364",2,0,NA
"10366",22,2,0.00557002105315661
"10377",120,82.5,0.0152348824842138
"10378",1,0,NA
"10379",53,158.5,0.0404923048417178
"10388",62,27.5,0.00874385519631269
"10395",46,95,0.0452132654522967
"10396",51,149.5,0.0370980385097604
"104",1,0,NA
"10401",1,0.5,0.00239234449760766
"10407",1,0,NA
"10419",23,3.5,0.0140659340659341
"10428",62,79.5,0.0175783992654254
"10459",7,9.5,0.0144359738622034
"1046",69,33.5,0.0993266042535739
"10460",23,37.5,0.246710526315789
"10478",11,16.5,0.0249845386468943
"10491",64,17.5,0.0102185699457562
"10502",176,625,0.127552026899949
"10507",5,3,0.0298507462686567
"10512",182,73,0.0204604083875938
"10553",37,18.5,0.206410718577265
"10559",164,51.5,0.00779518587956032
"10568",3,0,NA
"10572",2,0,NA
"10582",2,0,NA
"10590",123,512.5,0.0370800098105634
"10593",28,110.5,0.0351199153807254
"10594",3,1.5,0.00382684603844643
"1060",1,0,NA
"10611",4,0,NA
"10620",82,365.5,0.115472046786261
"10622",83,59.5,0.0280328544764606
"10623",1,0.5,0.0105263157894737
"10624",58,46.5,0.0209653245174094
"10633",1,0,NA
"10637",5,0,NA
"10642",4,0.5,0.00917431192660551
"10646",210,32.5,0.0256729545228245
"10653",1,0,NA
"10680",7,0.5,0.00396825396825397
"10702",57,30,0.0154078983631624
"10705",1,0,NA
"1072",1,0,NA
"10750",62,58.5,0.0178599190619379
"10751",1,0.5,0.00564971751412429
"1076",147,72,0.0526690555597075
"10764",64,64.5,0.139451561129177
"10780",3,0,NA
"10784",33,1.5,0.00571639847002166
"10790",48,67.5,0.0222673595987905
"10794",1,0,NA
"10799",291,481,0.0238593703420576
"10802",14,0.5,0.0033112582781457
"1081",160,1186.5,0.0738794112239696
"10813",4,15,0.0917431192660551
"10826",1,0,NA
"10832",20,11,0.0138634209781662
"10845",195,593,0.0420214653993808
"1085",26,40.5,0.107114082687771
"10865",9,0,NA
"10866",3,0,NA
"10867",9,0.5,0.111111111111111
"10889",135,305,0.0372648773020883
"10892",4,0,NA
"10895",102,28,0.0117504436633164
"10896",82,39,0.00763605280944344
"10905",42,10,0.0561647100907288
"10912",43,4,0.0143151761941765
"10915",2,0,NA
"1093",2,0,NA
"10942",5,0.5,0.00641025641025641
"10944",11,1.5,0.00953479853479854
"10967",11,1.5,0.00782688277916635
"10969",11,2.5,0.00601695661300972
"1098",2,0,NA
"10998",25,24.5,0.0440526737338457
"11011",3,0,NA
"11023",2,0,NA
"1103",1,0,NA
"11035",88,305,0.0506982777351848
"11038",171,174,0.0286387106386209
"11046",2,0,NA
"11057",146,521.5,0.0450765934887733
"11074",3,0,NA
"11075",40,10,0.00816645609329081
"11082",62,8,0.00342321987499413
"11096",57,43.5,0.0224343277169421
"11102",218,234,0.0152452066647118
"11132",1,0,NA
"11135",69,382.5,0.101427237552106
"11139",253,1748.5,0.158733203063381
"11142",3,0,NA
"11149",13,0,NA
"11151",348,753,0.0259192734972677
"11154",6,15,0.0847457627118644
"11160",26,58.5,0.0220199566892578
"11163",76,55,0.0137571479202893
"11166",120,61,0.012562977325736
"11167",1,0,NA
"11175",4,0,NA
"11176",48,6,0.00449087411235943
"11183",14,17,0.0165127741039281
"11202",48,103,0.0261667455701176
"11206",58,21.5,0.28125
"11219",6,3,0.0326086956521739
"11223",17,4,0.00902710460900941
"11225",382,754.5,0.0515925397187196
"11233",16,37,0.0266863000630786
"11249",35,1,0.00262376862844153
"11256",159,34.5,0.0155346942375057
"11276",7,0,NA
"11277",50,18.5,0.11107955204155
"11285",39,18,0.0117223067576109
"11313",142,80.5,0.0129910945820455
"11320",9,0,NA
"11325",1,0,NA
"11334",4,3.5,0.50098231827112
"11336",134,104.5,0.0324829024012275
"11343",2,0,NA
"11354",136,3,0.0171863480910784
"11360",2,0,NA
"11366",2,0,NA
"11380",3,0,NA
"11385",133,176,0.0163657277470326
"11386",1,0,NA
"11388",72,33.5,0.0164190621369635
"11398",4,3,0.0405405405405405
"11402",3,0,NA
"11404",1,0,NA
"11412",2,0,NA
"11415",2,0,NA
"11417",3,18.5,0.0607081486253798
"11421",1,0.5,0.003125
"11422",230,725.5,0.0333174965407454
"11429",3,0,NA
"11440",4,0.5,0.00306748466257669
"11443",12,0,NA
"11445",8,39.5,0.0600712949523924
"11449",5,0,NA
"11491",83,350.5,0.0657357699988856
"11495",2,0.5,0.0833333333333333
"11539",1,0,NA
"1154",5,3,0.0129589632829374
"11565",1,0,NA
"11573",218,979.5,0.0655396036756174
"11587",2,0.5,0.00495049504950495
"11664",83,263,0.0420724498436681
"11686",1,0,NA
"11700",6,0.5,0.0050761421319797
"11710",166,173,0.025350474716461
"11718",11,1,0.00710776417525773
"11721",1,0,NA
"11726",526,1113.5,0.0269014624082064
"11730",249,590.5,0.0250883655252753
"11732",63,116,0.0374442758787317
"11736",44,18,0.017730334616985
"11739",15,0.5,0.00301204819277108
"11745",1,0,NA
"11764",3,0,NA
"11767",1,0,NA
"11769",96,45,0.0304504223982498
"11793",61,68.5,0.0168481076040632
"118",2,0.5,0.0113636363636364
"11801",50,22.5,0.0246410926229339
"11803",63,7.5,0.0119465160872509
"1181",1,0,NA
"11818",14,0,NA
"11828",2,0.5,0.0138888888888889
"11845",26,0.5,0.00485436893203883
"1185",123,192,0.0206975563550695
"11853",6,0.5,0.00684931506849315
"11860",65,84.5,0.0334444621397683
"11864",299,217,0.022458715780547
"11868",29,14.5,0.00842006762761742
"11873",38,18.5,0.0211891088530764
"11874",339,1705,0.0480307127161009
"11875",43,21,0.015040324977887
"11878",3,0.5,0.00581395348837209
"11879",24,25.5,0.00997799881255108
"11888",4,0,NA
"11889",180,153,0.0254269572348688
"11902",3,0,NA
"11916",28,59,0.0179753545269602
"11933",86,48,0.0115827392337628
"11942",11,0,NA
"11944",81,41.5,0.0346489538794839
"11955",74,14.5,0.00841580465896576
"11960",3,0,NA
"1198",129,13,0.0105064661363694
"11987",6,0,NA
"1199",2,0,NA
"11993",12,0,NA
"12002",40,42.5,0.0267451697844941
"1201",11,0,NA
"12010",160,374,0.0450784092191442
"12012",3,3,0.0283018867924528
"12016",66,64,0.0324373517987954
"12025",80,407,0.0568968477465778
"12030",12,16.5,0.254659645909646
"12031",1,0,NA
"12040",110,78,0.0216973143074157
"12043",119,767.5,0.189525017833494
"12047",14,0,NA
"12048",42,78.5,0.0792696415698485
"12051",1,0,NA
"12052",1,0,NA
"12057",18,0,NA
"12060",5,0,NA
"12068",35,17.5,0.0129496856365659
"12075",1,0,NA
"12078",54,96,0.184247193563539
"12086",20,38.5,0.0493846327471249
"12087",46,142,0.0694626194153644
"12091",9,0,NA
"12095",1,0,NA
"12099",1,0,NA
"12102",23,16.5,0.0472488935735399
"12103",69,41.5,0.00999728692438963
"1212",3,0,NA
"12120",50,75,0.0191279188800927
"12124",1,0,NA
"12125",36,18,0.536231884057971
"12130",29,17.5,0.0196608813443179
"12133",5,0,NA
"12147",1,0,NA
"12178",1,0,NA
"12183",25,2.5,0.00829064800770964
"12194",1,0,NA
"122",3,0,NA
"12231",10,0,NA
"12236",21,1,0.00783147158814959
"12241",70,20,0.02001608146569
"12264",160,426,0.0455216350586222
"12274",4,0,NA
"12280",14,3,0.0576923076923077
"12318",13,0.5,0.00591715976331361
"12322",4,1.5,0.0034156862382094
"1233",1,0,NA
"12345",86,219.5,0.0336861397637433
"12355",27,1,0.00903428539363672
"12369",12,0,NA
"12371",55,90.5,0.0266287636665406
"12372",74,29,0.0128907159754845
"12379",53,35,0.0414940596554201
"12391",7,4,0.0171343614899412
"12419",3,0,NA
"12425",36,21,0.0166560426488475
"12427",1,0,NA
"12435",2,0,NA
"12442",3,0,NA
"12447",9,3.5,0.0442455529992705
"12452",6,0,NA
"1246",1,0,NA
"12460",20,9,0.0720292627269371
"12461",2,0,NA
"12498",1,0,NA
"12511",9,0.5,0.00505050505050505
"1252",1,15,0.222222222222222
"12520",4,0.5,0.00256410256410256
"12525",18,1.5,0.0153221460486374
"12529",15,16.5,0.0230894492315144
"12536",47,164,0.0344235165622565
"12540",78,403.5,0.0770998135107408
"12557",2,0,NA
"12560",2,0,NA
"12571",1,0,NA
"12574",1,0.5,0.0036231884057971
"12586",42,1.5,0.00616214807007403
"12594",1,0,NA
"12600",95,27,0.0126539339772692
"12602",12,0,NA
"12604",23,2,0.00361443538707631
"12609",7,0,NA
"12613",5,0,NA
"12640",2,0,NA
"12651",13,0.5,0.0045045045045045
"12659",59,51.5,0.0231320749745105
"12663",6,0,NA
"12667",38,50.5,0.0124362374086636
"12668",8,0.5,0.00649350649350649
"12685",11,16,0.0155181212983063
"12686",15,7,0.0150177877608645
"1269",212,52.5,0.0213720986859085
"12696",118,353,0.0509754115241068
"12719",1,0,NA
"12734",43,46.5,0.0321655450652801
"12753",7,0,NA
"12755",8,0,NA
"12757",3,0,NA
"12760",23,1.5,0.00601995446512631
"12770",50,10,0.00762616854127909
"12788",1,0,NA
"12792",1,0,NA
"12798",3,0,NA
"12800",29,3.5,0.00806573957016435
"12803",15,0,NA
"12809",6,0,NA
"12814",16,1,0.0171213412901392
"12816",3,0,NA
"12817",1,0,NA
"12820",1,0,NA
"12826",4,3,0.0422535211267606
"12827",6,3,0.0258620689655172
"12832",16,1.5,0.00524517622040842
"12833",40,3.5,0.0274157606860693
"12834",16,12.5,0.00628274309909999
"12838",2,0,NA
"12840",62,22,0.0308375897419988
"12845",181,168.5,0.0257214127280218
"12851",1,0,NA
"12852",6,1,0.00569738480697385
"12853",9,3,0.0208333333333333
"12857",21,0,NA
"12868",26,12,0.00888736019485688
"12870",97,37.5,0.0115435340848004
"12874",1,0,NA
"12875",60,12.5,0.0505354556265186
"12876",3,0,NA
"12887",2,0,NA
"12889",1,0,NA
"12891",28,0,NA
"12892",14,25.5,0.0257613433605193
"12901",226,503.5,0.0288589909528192
"12907",3,0,NA
"12911",12,3,1
"12932",3,0,NA
"1294",97,250.5,0.0244603008776409
"12942",4,0,NA
"12953",48,9,0.00943715945768812
"12965",5,15,0.0759493670886076
"13",15,1,0.00243886518594122
"13027",18,0,NA
"13036",198,193.5,0.0197184621085671
"13039",118,68,0.00811151367549176
"13064",1,0,NA
"13077",6,0,NA
"13081",187,1425,0.0702276610645031
"13090",5,0,NA
"13100",127,400,0.0326711753987486
"13101",1,0,NA
"13102",15,18.5,0.174466809162657
"13112",2,0,NA
"13114",3,0,NA
"13120",150,393,0.116667572912686
"13129",6,0,NA
"13134",1,0,NA
"13146",154,313.5,0.049877761691093
"13153",99,170.5,0.0525623972079926
"13157",190,400,0.0221583559054796
"13164",4,0,NA
"13165",2,0,NA
"13179",80,225,0.0568272492675821
"13181",1,0,NA
"13189",7,0,NA
"13195",17,0.5,0.00398406374501992
"1321",23,15.5,0.0725
"13218",44,0.5,0.00423728813559322
"13225",26,0,NA
"13238",9,3.5,0.0189944447561865
"13241",60,267.5,0.0600995928940677
"13243",16,39.5,0.027318723513725
"13249",2,15,0.176470588235294
"13250",3,0.5,0.004149377593361
"13276",62,9,0.0094682961014833
"13291",21,0,NA
"13298",34,3.5,0.0113850197832455
"13304",21,24.5,0.0276963781380397
"13313",19,0.5,0.00684931506849315
"13314",196,410,0.0197802777380342
"13315",30,14.5,0.0233108026544773
"13324",3,0.5,0.00347222222222222
"13333",6,0,NA
"13351",2,0,NA
"13354",57,0.5,0.00263852242744063
"13355",2,0,NA
"13363",10,0,NA
"13377",24,0.5,0.0045045045045045
"13383",1,0,NA
"13458",8,16,0.282513348588863
"13508",91,182,0.0316321119725798
"13519",13,9,0.0153565417953899
"13546",10,0,NA
"13548",1,0,NA
"13549",8,3,0.0326086956521739
"13561",40,83.5,0.0318554113036037
"13562",7,0,NA
"1357",183,100.5,0.0190436252584478
"13587",1,0,NA
"13596",12,1,1
"13634",26,39.5,0.562682981536573
"13639",4,0,NA
"13677",99,49.5,0.0360865062117615
"13681",65,48,0.0279374073640162
"13697",55,34,0.0138806038847014
"13729",2,0.5,0.00735294117647059
"13734",2,0,NA
"13763",38,26.5,0.0677043760303208
"1377",3,0.5,0.00485436893203883
"13783",246,67,0.0260228033670539
"13804",169,692,0.0629478813000855
"13809",62,45,0.0146504576543545
"13811",71,44,0.00858105093831715
"13812",169,58,0.00889343433136907
"13814",294,771.5,0.0282403892434569
"13816",11,0,NA
"13828",23,66,0.177412535994376
"13835",1,0,NA
"13838",102,344.5,0.099262985924729
"13839",46,22,0.0295165721775348
"13843",34,7.5,0.0104880220778055
"13849",9,1.5,0.00798397681940602
"13859",1,0,NA
"13860",27,0,NA
"13865",2,0,NA
"13871",5,0.5,0.0833333333333333
"13872",139,102,0.0622748525697602
"1388",61,157.5,0.0378891830158731
"13881",1,0,NA
"13884",8,3,0.0594059405940594
"13892",145,553.5,0.172930722324582
"13899",3,0,NA
"139",83,371.5,0.0629195322507212
"13900",196,306.5,0.0269458539652958
"13902",23,17,0.0238912216434253
"13904",10,3,0.0338983050847458
"13906",12,0,NA
"13912",5,1,0.00349377979304732
"13914",9,0.5,0.00209205020920502
"13916",28,16,0.0205581169612229
"13924",72,1026.5,0.115222967709373
"13933",650,961,0.0455481259820979
"13936",7,21.5,0.0812788148033401
"13938",32,20.5,0.0501529979170111
"13962",161,244,0.0982029871367725
"13967",53,25,0.0591740720911084
"13973",75,305,0.189037387213048
"13976",18,39.5,0.206659471365684
"13985",5,127.5,0.405527595653646
"13990",6,93.5,0.220435452265774
"140",2,0,NA
"14009",317,973.5,0.0494046245198724
"14024",102,847,0.25568706032929
"14039",16,0.5,0.00373134328358209
"14042",33,3,0.0384615384615385
"14043",1,0,NA
"14048",28,6,0.0612275979904334
"14051",19,10.5,0.0116703176802585
"14052",54,21,0.0576194481212494
"14054",190,607,0.107259939279062
"14058",63,131,0.0686899834661623
"14060",6,3.5,0.0105154105154105
"14061",1,0,NA
"14062",51,24.5,0.0463744347291795
"14063",18,75,0.145231696065525
"14064",16,15.5,0.106696844494847
"14077",3,0.5,0.00303030303030303
"14085",35,75,0.795275590551181
"1409",8,0,NA
"14090",62,396.5,0.256522191180814
"14098",200,3248.5,0.182924725458099
"14106",21,9.5,0.0115063469152598
"14114",230,417,0.0325614606550767
"14119",53,8,0.0232043091888257
"14126",2,0,NA
"14128",77,80,0.0388470155994486
"14132",5,0,NA
"14144",9,3,0.0310880829015544
"14156",3,0,NA
"14165",3,0,NA
"14179",1,0,NA
"14188",4,0.5,0.00543478260869565
"14193",4,0,NA
"14194",34,26,0.0219692969956733
"14203",13,0,NA
"14204",72,100,0.0761850693354541
"14205",74,199.5,0.0838513977788116
"14209",3,0,NA
"14210",11,76.5,0.148177084096132
"14220",1,0,NA
"1423",1,0,NA
"14232",2,0,NA
"14234",2,37.5,0.551470588235294
"14237",6,6,0.0361149695480286
"14242",1,0,NA
"14246",4,0,NA
"14249",49,67.5,0.270511122365499
"143",5,0,NA
"14307",79,176,0.0893436048718361
"14314",18,147,0.113171370793907
"14321",89,13,0.0311699902628502
"14325",141,100.5,0.0102280240795887
"14329",2,0,NA
"14371",16,0.5,0.00709219858156028
"14375",34,1,0.00256082366056791
"14395",52,26.5,0.0239539913618008
"144",1,0,NA
"14406",12,3.5,0.75
"14447",2,0,NA
"14452",1,0,NA
"14472",8,4,0.33610842985843
"14499",1,0,NA
"14500",3,0,NA
"14512",15,60.5,0.801307189542484
"14513",43,42.5,0.156332653376803
"1455",24,97.5,0.0490721763503879
"1456",1,0,NA
"14566",4,0.5,0.00543478260869565
"14569",5,0,NA
"14576",81,212,0.0538578544020425
"14585",13,15.5,0.1004329004329
"1459",13,1,0.0036384427465045
"14600",14,1,0.00615372999093929
"14603",23,46.5,0.17198770120701
"14605",48,51,0.0602887456096544
"14616",113,314,0.0871760480564913
"14645",79,421,0.212645945586119
"14653",1,0,NA
"14655",7,52.5,0.324151654796816
"14667",5,6,0.0194412442396313
"1467",6,0,NA
"14671",70,7.5,0.0205443593886134
"14678",6,0,NA
"14690",4,3,0.0257510729613734
"14699",29,14,0.0108182284480623
"14703",67,124,0.0180547494630349
"14711",38,11,0.00770018662094207
"14713",156,269.5,0.0192309553474384
"14720",3,0.5,0.00245700245700246
"14721",2,1,0.00973179363009872
"14722",13,28.5,0.0154211613359963
"14734",1,0,NA
"14739",3,0,NA
"14755",2,0,NA
"14782",9,0,NA
"14785",40,0,NA
"14797",43,0,NA
"14801",9,0.5,0.00354609929078014
"14805",144,123.5,0.0252125152764765
"14822",16,3,0.0594059405940594
"14827",2,0,NA
"14854",66,49,0.0589968841501641
"14859",161,514.5,0.0339921344412344
"14863",178,14,0.0114098884374813
"14864",52,5,0.0165755764110958
"14868",101,21,0.0646203357425308
"14871",256,48.5,0.013716740831541
"14873",100,59.5,0.0143631268113659
"14875",8,0.5,0.0238095238095238
"14877",65,28.5,0.0113861365280909
"14878",7,0,NA
"1489",130,63.5,0.0256744207645369
"14894",86,18,0.00965980592321227
"14906",27,1.5,0.00613471860596409
"14908",118,50.5,0.0166548693271594
"14915",83,28.5,0.012402998216241
"1492",48,20,0.0249754967221934
"14935",90,5,0.0117515326080016
"14938",124,69,0.00797241133947497
"14945",5,3,0.0352941176470588
"14947",2,0.5,0.0037037037037037
"14948",17,0,NA
"14950",164,100.5,0.038991900747688
"14954",7,0,NA
"14963",18,0,NA
"14965",369,114.5,0.0130747950163965
"14969",62,13,0.0160983011977636
"14973",4,0,NA
"14974",58,0,NA
"14977",56,0.5,0.00645161290322581
"14980",74,0,NA
"14981",9,0,NA
"14982",339,50,0.0115680411078176
"14989",176,49,0.0155921141782471
"15012",42,0.5,0.00452488687782805
"15043",1,0,NA
"15045",73,2.5,0.00707671958257614
"15057",138,2,0.00629857437318582
"1510",30,16.5,0.0131374559970358
"15156",195,17.5,0.0753112101977898
"15162",189,1,0.0118066457352172
"15173",23,0,NA
"15187",168,7,0.117438006407757
"15195",150,10.5,0.189520844341649
"15208",176,25.5,0.0112286416461848
"15211",74,3.5,0.00906229171183759
"15214",39,9,0.0138146339653261
"15243",2,0,NA
"15245",10,0,NA
"15246",151,113,0.0136786682040405
"15250",85,37,0.0284829268533961
"1527",5,15.5,0.0897962677623695
"15299",13,57.5,0.0621310072027409
"15307",2,0,NA
"15312",1,15,0.194805194805195
"15316",151,884,0.0916830035764057
"1532",1,0,NA
"15332",11,47,0.0823920200743541
"1534",52,40,0.048037672276048
"1535",190,60,0.0132006570128947
"15356",19,0,NA
"15371",53,67.5,0.0495042797678724
"15436",8,18,0.102014477302059
"15437",8,3,0.0110091743119266
"1544",13,66.5,0.13452109311374
"1546",8,3,0.0271493212669683
"15465",255,1247.5,0.048053801675213
"15466",2,0,NA
"15467",6,18,0.0507248958073594
"15477",1,0,NA
"15478",7,15,0.119521912350598
"15482",166,87,0.0461263201121849
"15560",2,0,NA
"15600",121,304.5,0.0491573223136368
"15608",2,0,NA
"15613",12,21.5,0.0498588709677419
"15624",264,1661,0.142121944657573
"15627",156,391,0.0316869417100966
"15630",456,543,0.0456007093525285
"15643",36,40,0.0181361387010173
"15647",2,0,NA
"15654",628,1710,0.153458356531699
"15666",16,16,0.022916160607451
"15674",4,15,0.055045871559633
"1568",26,15,0.111524163568773
"15683",1,0,NA
"15695",3,15.5,0.228395061728395
"15698",44,41,0.0113941629542171
"15713",42,0,NA
"15714",7,0,NA
"15725",8,0,NA
"15735",2,0,NA
"15746",123,471,0.0618687814668607
"15752",1,0,NA
"15753",8,0,NA
"15789",4,0,NA
"15794",58,114.5,0.056691197435982
"1581",1,0,NA
"15813",336,1267,0.078864473208414
"15815",62,332,0.070059373247454
"1583",1,0,NA
"15832",30,12.5,0.0122276881019692
"15840",159,633.5,0.0731498423001577
"15851",57,207.5,0.0771887219853162
"15873",2,0,NA
"15876",12,0,NA
"15883",17,3,0.0348837209302326
"1591",31,106.5,0.052789399420559
"15944",14,12,0.0450227976250281
"1595",44,56.5,0.0736702373102203
"15959",17,0,NA
"15964",1,0,NA
"1597",46,76.5,0.0147974123918859
"15980",3,0,NA
"15985",93,352,0.0526899240888359
"15993",1,0,NA
"1601",4,0,NA
"16019",1,0,NA
"1602",9,6,0.0210320083089416
"1604",11,1,0.00366118482031726
"16060",33,21.5,0.0194911540734012
"16070",27,4,0.00652026432270353
"16087",17,45.5,0.018279616247612
"161",140,106,0.0194280117817025
"16101",50,15.5,0.0166818234897364
"16111",1,0,NA
"16120",3,1,0.00803591855410661
"1614",2,0,NA
"1615",80,56,0.0452696034063973
"16159",2,0,NA
"1619",3,0,NA
"1620",6,0,NA
"16203",47,376.5,0.137841580625476
"16216",28,13,0.0327792961787551
"16218",1,0,NA
"16219",103,1421,0.107418311371907
"1622",95,436.5,0.0368594883039717
"16238",25,305.5,0.13226702789447
"1626",5,0,NA
"16273",15,25,0.0256047113359782
"16275",33,85,0.0428094261299609
"16289",35,326.5,0.129754992806992
"1629",8,3,0.0223048327137546
"16303",2,0,NA
"16317",3,0,NA
"16327",36,41,0.175197534080056
"16368",103,175,0.0563553740345331
"16372",173,550,0.0307249619512177
"16378",2,0,NA
"1638",8,0.5,0.0113636363636364
"16396",2,0,NA
"16434",19,0,NA
"16443",2,0,NA
"16461",13,3,0.0348837209302326
"16465",30,9.5,0.0174960036854811
"1647",1,0,NA
"16486",26,16.5,0.015481017067224
"16496",137,296.5,0.0343989992889908
"16504",162,781,0.0375519187841434
"16509",40,46,0.0141247351192069
"16522",238,2481.5,0.244963906741743
"16524",84,568,0.204311685137923
"16525",4,103,0.52187811807805
"16538",87,687.5,0.167546338915976
"16564",8,0,NA
"16572",1,0,NA
"16613",1,0,NA
"16625",14,66.5,0.146911839134348
"16642",6,46.5,0.383776584887945
"16643",3,3,0.0247933884297521
"16645",51,270.5,0.0512675367719933
"16656",83,167.5,0.0303304304608954
"16660",1,0,NA
"16662",1,0,NA
"16663",7,6.5,0.0124960000412899
"16669",3,0.5,0.00411522633744856
"16670",6,0,NA
"16676",169,2315,0.285940035963376
"16696",55,30.5,0.0428508675079118
"167",22,53.5,0.0865064176769019
"16702",53,0.5,0.00606060606060606
"16716",15,4,0.02383078843753
"16723",36,54.5,0.118362414946658
"16725",54,146,0.0651350922739714
"16728",34,0,NA
"16747",8,1,0.00354359008917941
"16756",3,0,NA
"16758",112,104,0.0214390957855784
"16786",95,189,0.0701579295119119
"16789",1,0,NA
"1680",3,0,NA
"16828",37,51,0.0219003559308245
"1684",6,0,NA
"16860",342,1931.5,0.106835493036048
"16885",7,0,NA
"16887",3,0,NA
"16893",2,0,NA
"16894",15,0,NA
"16897",8,0,NA
"16916",6,0,NA
"1693",1,0,NA
"16932",1,0,NA
"1695",1,0,NA
"16959",2,0,NA
"1696",3,0,NA
"1697",1,0,NA
"16975",78,193,0.07887699850211
"1699",8,4.5,0.0108679123169347
"16991",2,0,NA
"170",1,0,NA
"17024",1,0,NA
"17028",1,0,NA
"17039",6,0,NA
"1706",62,20,0.0391322452913124
"17062",1,0,NA
"17074",1,0,NA
"17077",2,0,NA
"17079",8,0,NA
"17092",2,0,NA
"17097",2,0,NA
"17099",3,0,NA
"171",34,36,0.0505915844384088
"17103",3,0,NA
"1711",9,3.5,0.0221746575342466
"17132",6,0,NA
"17137",2,40.5,0.20968513351933
"17146",1,0,NA
"17147",3,0,NA
"17148",2,0,NA
"17150",2,0,NA
"17158",219,235,0.0214791974668995
"17161",4,40.5,0.270808847099049
"17167",5,0,NA
"17171",1,0,NA
"17175",2,0,NA
"17188",2,0,NA
"1720",7,0,NA
"17297",249,115,0.110777462668504
"17313",1,0,NA
"17314",54,79,0.0371157935787877
"17315",8,0.5,0.0138888888888889
"17343",590,6105.5,0.0958879998745882
"17353",1,0,NA
"17356",11,47.5,0.0614038396892422
"17363",731,6545,0.0853030327988462
"17370",1,0,NA
"17387",17,82,0.074302453064677
"17396",117,205,0.0420194631247943
"17408",134,171.5,0.0754121657362097
"1742",101,96.5,0.0263983829353189
"17445",4,0,NA
"17478",11,1.5,0.00365876724521584
"17487",26,1.5,0.00415823484011562
"17490",64,4.5,0.00456831947348873
"17509",67,23,0.0332263776194931
"17510",82,7,0.0145939242055813
"17512",2,0,NA
"17521",74,22.5,0.0220615510769438
"17524",13,0,NA
"17525",45,2,0.0170187293694543
"17548",13,7.5,0.0095547364881984
"17552",104,292,0.0376612439090271
"17570",6,4,0.00821094239605589
"17573",11,0,NA
"17584",26,5,0.0304876986079268
"17587",55,62.5,0.0310574177288108
"17588",9,6,0.019065757818765
"17589",364,1502,0.0503806194005513
"17605",16,31,0.146012493925207
"17626",167,222,0.0193878358192401
"17635",62,28,0.00888557070802713
"17637",3,0,NA
"17641",112,66,0.0163974750732974
"17643",44,11,0.0163305959122531
"17645",35,77.5,0.167044553474081
"17650",102,159.5,0.0444011764722726
"17652",7,0,NA
"17654",54,66.5,0.0420866920620523
"17655",42,70,0.0443933623179182
"17656",3,0,NA
"17689",2,0,NA
"17707",5,0,NA
"17725",24,11,0.0143832465056455
"17737",99,20.5,0.0244819651886932
"17747",1,0,NA
"17749",11,0,NA
"17750",41,10.5,0.00768299043096667
"17769",26,22,0.0194293989297809
"17777",9,4,0.0142962708446185
"17778",6,0.5,0.0032258064516129
"17789",41,18,0.104512389179359
"17797",7,37.5,0.352112676056338
"17798",255,1538.5,0.0781611978085043
"178",1,0,NA
"17802",23,4,0.0367833842641521
"17806",41,6.5,0.0126247340230391
"17813",6,0,NA
"17821",16,23.5,0.0211780894511957
"17822",68,93,0.0571444422836608
"1783",7,0.5,0.00581395348837209
"1832",1,0,NA
"1835",1,0,NA
"184",3,0,NA
"1850",1,0,NA
"1869",32,0,NA
"1899",2,0,NA
"190",188,945.5,0.0524016342844424
"1921",4,0,NA
"1949",1,0,NA
"197",32,101,0.0387043391681577
"1972",2,0,NA
"1976",2,0.5,0.00869565217391304
"199",48,33.5,0.0895635223972682
"2017",5,0,NA
"205",6,0,NA
"2060",26,1,0.0369047619047619
"2075",4,0,NA
"2078",1,0,NA
"2105",5,0,NA
"2117",1,0,NA
"2133",1,0,NA
"2144",368,1148,0.0318880666869061
"22",111,331,0.0274483741389749
"2225",38,150,0.0306918990035605
"2230",2,0,NA
"2234",2,0,NA
"2246",2,0,NA
"2280",2,0,NA
"23",556,3355.5,0.0605156248333625
"2327",3,0,NA
"233",148,118,0.0323194920276807
"2333",12,1,0.00632734530938124
"2335",1,0,NA
"2338",9,0,NA
"2343",11,0,NA
"2393",94,457.5,0.0449480253102907
"2407",13,1,0.00698454088284597
"2410",42,3,0.0110091743119266
"2419",55,3.5,0.0652887139107612
"2429",23,3.5,0.501655629139073
"2431",1,0,NA
"2435",69,38.5,0.0693427132983991
"2463",111,25.5,0.0088827637582795
"2469",1,0,NA
"2474",16,37.5,0.278810408921933
"2480",6,3,0.018018018018018
"249",62,47.5,0.0151253364711959
"2491",1,0,NA
"2492",38,1,0.0109792613951425
"2493",4,0,NA
"2500",12,0,NA
"2504",18,3.5,0.0211290322580645
"2509",237,782,0.0589212761269103
"252",1,3,0.024
"2522",1,0,NA
"2526",11,34,0.0779910197576443
"2532",3,0,NA
"2541",14,9.5,0.02781439554263
"2542",1,0,NA
"2548",128,274.5,0.0271248670224803
"256",8,3,0.0392156862745098
"259",5,0,NA
"2605",14,4,0.0261081302259742
"2620",14,0.5,0.111111111111111
"2626",3,0.5,0.00371747211895911
"2627",1,0,NA
"2638",77,47.5,0.0124113119957182
"2647",1,0,NA
"2649",15,6.5,0.0169042363732629
"2651",1,0,NA
"2685",31,109,0.160911949797007
"2692",3,0.5,0.00694444444444444
"2717",3,0,NA
"2718",35,56,0.0392637318126019
"272",41,76.5,0.0527593383540189
"2740",381,1485.5,0.0398284192361509
"2749",16,1,0.00418403435644815
"2752",1,0,NA
"2768",4,0,NA
"2793",6,0,NA
"28",28,10.5,0.0072499277421965
"2805",1,0,NA
"2818",9,0,NA
"2843",79,128.5,0.0236429560526315
"2847",23,0.5,0.0181818181818182
"2870",18,0.5,0.00505050505050505
"2898",54,133.5,0.0524333182407642
"290",60,216,0.0687552347748299
"2902",243,10.5,0.340899110067842
"2925",11,0,NA
"2929",26,1,0.0584625322997416
"294",165,1259.5,0.0798150883067422
"2940",1,0,NA
"2942",120,657,0.0551331695278678
"2954",15,207.5,0.218852585825313
"2957",99,218,0.0783011942948897
"2967",19,3,0.00800529313504197
"2969",5,0,NA
"2974",191,294.5,0.0176555171980268
"2979",1,0,NA
"2984",42,16.5,0.0310701542509035
"2992",8,0,NA
"301",6,0,NA
"3017",3,0,NA
"302",57,285,0.0732443599615257
"3023",27,3.5,0.00532798508117734
"3025",6,0,NA
"3027",1,0,NA
"3209",10,0,NA
"3213",4,0,NA
"3215",3,0,NA
"323",186,53,0.0557252517999687
"3233",179,69.5,0.0338141624693287
"3235",34,2,0.0090998316045397
"3244",99,65.5,0.0258651030796017
"3294",6,0,NA
"3298",30,0,NA
"3299",40,43,0.0379235620641176
"3310",60,16.5,0.00910276085438117
"3314",4,0,NA
"3317",46,427.5,0.108150647989699
"3320",58,587.5,0.23774368942074
"3321",67,272,0.0996202176136878
"3325",22,0.5,0.00444444444444444
"3340",153,197,0.0266652974808952
"3365",2,0,NA
"3367",1,0,NA
"3376",1,0,NA
"3407",3,0,NA
"3408",5,0,NA
"3414",7,0,NA
"3446",27,0.5,0.00591715976331361
"3453",6,0,NA
"3466",1,0,NA
"3475",5,0.5,0.0050761421319797
"3479",19,3.5,0.00844823746178299
"3490",27,31,0.0202310622917149
"3495",36,0,NA
"3508",35,20,0.0223708417620805
"3525",1,0,NA
"3529",6,0,NA
"3543",4,0,NA
"3546",26,5.5,0.00699857461941763
"3558",2,0,NA
"3576",3,0,NA
"3619",24,1,0.00507623973695849
"362",22,3,0.0192307692307692
"3641",20,15.5,0.0549624687239366
"365",36,38,0.152958579881657
"3657",11,0,NA
"3663",48,1,0.00548729571752356
"3664",3,0,NA
"3668",6,0,NA
"3707",10,0,NA
"3709",57,6.5,0.0276940390979736
"3715",8,0,NA
"3717",7,0,NA
"3727",35,6.5,0.00724801488492061
"3733",90,12.5,0.018502535682513
"3743",15,0,NA
"3753",5,3,0.0192926045016077
"3755",7,0,NA
"3765",70,17,0.0171550894275587
"3768",2,0,NA
"3769",1,0,NA
"3774",3,0,NA
"3781",18,0,NA
"3848",5,0.5,0.00581395348837209
"3895",4,0,NA
"391",1,0.5,0.00709219858156028
"3917",29,0,NA
"3920",8,0,NA
"3930",39,3.5,0.00447981675210102
"3932",150,522.5,0.0518984357678632
"3933",48,0.5,0.111111111111111
"3941",136,451,0.0486710056144489
"3943",8,2.5,0.0055844294921185
"3964",2,0.5,0.111111111111111
"3981",6,0,NA
"40012",2,0,NA
"40019",1,0,NA
"40023",6,0,NA
"4011",2,0,NA
"40116",2,0,NA
"40145",14,3.5,0.0206805019305019
"40153",96,283,0.14379728824686
"40157",7,0.5,0.0113636363636364
"40159",1,0,NA
"40173",1,0,NA
"40181",3,0,NA
"40189",1,0,NA
"4019",1,0,NA
"40190",186,208.5,0.0168985445327226
"40191",77,0.5,0.00288184438040346
"40223",1,0,NA
"40226",2,0,NA
"4023",1,0,NA
"40231",16,8,0.00711887168771663
"40236",49,79,0.126118023759849
"40240",1,0,NA
"40241",6,0,NA
"40242",105,10.5,0.0141062750921756
"40272",6,3,0.038961038961039
"40275",1,0,NA
"4031",2,0,NA
"40321",8,59,0.137006239721875
"4033",31,3,0.0521739130434783
"40349",1,0,NA
"40352",82,10,0.0199910179989568
"40355",100,3.5,0.00414084003949005
"4038",3,0,NA
"40408",10,0,NA
"40413",85,0,NA
"40433",5,0,NA
"40435",5,37.5,0.190355329949239
"40437",1,0,NA
"40441",3,0,NA
"40442",18,24,0.0190665946134344
"40443",8,18,0.223219796868863
"40444",172,180.5,0.0144942279677545
"40445",62,1,0.00945378151260504
"40447",40,0,NA
"40485",3,1,0.00693999083829592
"40487",48,17,0.0101429385015578
"40488",1,0,NA
"4049",5,0,NA
"40496",247,291.5,0.0138718208849646
"40497",1,0,NA
"40499",1,0,NA
"40500",32,8,0.0344080879893688
"40501",91,861.5,0.33596781425699
"40504",17,0,NA
"40505",19,0,NA
"40509",3,0.5,0.00363636363636364
"40512",50,24.5,0.0243707975223237
"40513",44,1.5,0.00274605104941204
"40514",72,590,0.205172296386824
"40517",62,7,0.256087353879253
"40519",7,0.5,0.00193798449612403
"40525",40,0.5,0.0053475935828877
"40527",4,0,NA
"40529",8,3.5,0.0119408807212205
"40530",15,3,0.0223880597014925
"40540",18,1,0.00304086157744694
"40549",1,0,NA
"40551",113,140.5,0.023862927048088
"40553",41,264,0.272602686067027
"40555",2,0,NA
"40556",5,0,NA
"40560",5,0,NA
"40561",4,0,NA
"40565",4,0,NA
"40566",88,276,0.0513364916501404
"40567",9,0.5,0.00869565217391304
"40569",76,54.5,0.0142308019172591
"40571",19,19,0.0386875557537913
"40576",1,0,NA
"4058",5,0,NA
"40581",48,113,0.118261088724138
"40583",2,0,NA
"40587",83,115.5,0.0464186020236119
"40593",8,0,NA
"40599",2,0,NA
"40603",24,21,0.0233103898342147
"40608",14,55,0.0360059787895121
"40610",3,0.5,0.00578034682080925
"40614",6,0.5,0.166666666666667
"40617",38,263.5,0.0525464247110683
"40620",24,87,0.0434151391893925
"40622",6,0,NA
"40623",254,2919.5,0.0821070447162853
"40625",17,0.5,0.00961538461538462
"40626",53,115.5,0.0295574937527606
"40627",3,0,NA
"40635",2,0,NA
"40654",32,38,0.251893939393939
"40655",2,0,NA
"4067",31,0.5,0.111111111111111
"40672",1,0,NA
"40720",6,15.5,0.132544198333672
"40721",2,0,NA
"40763",127,93.5,0.0728864704524314
"40769",3,0,NA
"4079",5,0,NA
"4081",5,0,NA
"40840",75,13.5,0.0363702439562815
"40846",1,0,NA
"40847",24,56,0.0633365324062973
"40912",7,0,NA
"40923",9,0,NA
"410",4,0,NA
"41020",2,0,NA
"41022",38,53.5,0.0436855088646674
"41055",1,3,0.0272727272727273
"41098",1,0,NA
"41100",2,0,NA
"41150",9,19,0.0312373995206374
"41158",18,0.5,0.00201612903225806
"41174",19,22,0.0294325388330179
"41178",220,55,0.0902512559117701
"41180",3,0.5,0.00546448087431694
"41181",10,0.5,0.00485436893203883
"41184",7,0.5,0.00512820512820513
"41186",1,0,NA
"4119",2,0,NA
"41195",5,0,NA
"41203",1,0,NA
"41206",2,0,NA
"41207",1,0,NA
"41214",440,621,0.034386065055143
"41227",9,1,0.00567690978649883
"41243",5,0.5,0.00392156862745098
"41249",2,0.5,0.00546448087431694
"41282",2,0,NA
"41283",47,2,0.00697452070975193
"41290",296,1189.5,0.0436452452911077
"41291",1,0,NA
"41292",5,0,NA
"41294",161,129.5,0.00999631954110018
"41296",47,90,0.0205737160038381
"41310",1,0,NA
"41315",7,0,NA
"41316",5,0,NA
"4136",11,0.5,0.00263157894736842
"4142",7,0,NA
"41484",5,41,0.130945210884608
"41485",49,73.5,0.0444959309130678
"41487",10,3.5,0.0536317567567568
"41488",4,1.5,0.00460743270107819
"41525",43,0.5,0.003584229390681
"41526",1,0,NA
"41538",160,33.5,0.031755983037203
"41547",4,0,NA
"41548",2,0,NA
"41551",4,0,NA
"4157",14,0.5,0.00961538461538462
"41616",3,3,0.0779220779220779
"41630",2,0.5,0.00581395348837209
"41638",2,0,NA
"4176",8,0,NA
"419",176,681.5,0.0524418594432209
"4227",3,0,NA
"423",19,5,0.00289601376805976
"4234",9,0,NA
"4238",46,0,NA
"4240",61,11,0.0401676819834767
"4243",13,0,NA
"4271",1,0,NA
"4277",17,0,NA
"4278",1,0,NA
"4279",1,0,NA
"4281",29,99.5,0.0720358532952436
"429",6,1,0.0259281678773204
"4328",6,0,NA
"4343",12,5,0.00707170733691938
"4346",4,3.5,0.0100524095862249
"4356",6,0,NA
"4361",23,7.5,0.0152370459508853
"437",38,0,NA
"4374",1,0,NA
"438",16,32,0.0338883457063477
"4384",5,0,NA
"4390",2,0,NA
"4395",1,0,NA
"4416",13,15.5,0.0668032096964256
"4439",10,0,NA
"445",74,52.5,0.0379713614925913
"4461",5,0,NA
"449",264,959,0.0521323426108583
"4509",4,0,NA
"4548",3,0.5,0.00327868852459016
"455",11,0,NA
"4558",31,0.5,0.00342465753424658
"4565",143,1104.5,0.193963749098157
"457",171,1131.5,0.104576142413081
"4583",1,0,NA
"4613",1,0,NA
"4617",1,0,NA
"4630",20,24,0.0194195482832808
"4632",3,0,NA
"4637",49,24,0.0471428179365724
"4651",146,155.5,0.0201860287654084
"4652",2,0,NA
"4654",16,13.5,0.0212417371356115
"4666",32,159.5,0.21038538221277
"4673",51,20.5,0.0390690345354086
"4676",8,0,NA
"4680",51,17,0.0093165635098349
"4688",7,18.5,0.0329545207161492
"4691",201,414,0.0294759580798037
"4692",167,139.5,0.0217088918784984
"4700",17,8.5,0.0708299702205548
"4709",78,46.5,0.0189492795241278
"4718",1,0,NA
"4737",7,0,NA
"4743",6,5,0.00858632157452409
"4759",160,257,0.0218524409096764
"4776",406,583,0.0180599162453858
"4806",38,6.5,0.00524105451798668
"4823",1,0,NA
"4824",191,306,0.0211790838354427
"4826",11,12.5,0.0187022904950639
"4829",104,92.5,0.0353228212952606
"4831",1,0,NA
"4832",163,610,0.0315305061394809
"4833",37,94,0.0315254202584933
"4837",371,978,0.0263033550449456
"4838",17,110,0.111377805150213
"4839",47,10.5,0.00642846394623986
"4842",72,180.5,0.038021082989355
"4843",7,0,NA
"4847",381,332.5,0.0147891187661155
"4849",143,122.5,0.00920663688544209
"4854",1,0,NA
"487",9,0,NA
"4907",14,4.5,0.00887777919325231
"4909",1,0.5,0.00746268656716418
"492",1,0,NA
"4948",15,0,NA
"4952",1,0,NA
"497",38,5.5,0.00507515461687051
"4977",2,0,NA
"4981",39,18,0.0144028097596406
"4991",14,0,NA
"50002",5,0,NA
"50005",1,0,NA
"50007",6,0,NA
"50017",1,3,0.0202020202020202
"50021",1,0,NA
"50023",2,0,NA
"50026",6,0,NA
"50030",4,0,NA
"50079",1,0,NA
"50112",2,0,NA
"5012",56,25,0.0253582223975843
"50124",2,0,NA
"50127",1,0,NA
"50139",2,0,NA
"50144",1,0,NA
"50148",1,0,NA
"50150",10,0,NA
"50154",3,52.5,0.916666666666667
"5016",23,1,0.00489900861669601
"50164",1,0,NA
"50166",1,15,1
"50167",1,0,NA
"50174",2,0,NA
"50176",3,0,NA
"50191",2,0,NA
"50202",1,0,NA
"50206",2,0,NA
"50208",7,0,NA
"50251",1,0,NA
"50257",2,0,NA
"50259",2,0,NA
"50266",8,3,0.0337078651685393
"50269",2,0,NA
"50271",3,0,NA
"50276",1,0,NA
"50280",1,0,NA
"50289",1,0,NA
"50306",5,0,NA
"50309",1,0,NA
"5031",6,0.5,0.0204081632653061
"50312",1,0,NA
"50313",1,0,NA
"50315",5,0,NA
"50317",4,0,NA
"50318",1,0,NA
"50324",2,0,NA
"50328",4,0,NA
"50332",4,0,NA
"50333",1,0,NA
"50335",1,0,NA
"50363",6,0,NA
"50370",5,0,NA
"50379",1,0,NA
"50380",6,0,NA
"50398",1,0,NA
"50399",1,0,NA
"50401",1,0,NA
"50402",1,3,0.166666666666667
"50403",2,0,NA
"50404",2,0,NA
"50407",4,0,NA
"50411",1,0,NA
"50445",1,0,NA
"50464",1,0,NA
"50468",1,0,NA
"50508",2,0,NA
"50523",1,0,NA
"50526",4,0,NA
"50536",2,0,NA
"50551",1,0,NA
"50553",1,0,NA
"5056",9,0,NA
"50560",1,0,NA
"50569",1,0,NA
"50577",1,0,NA
"50581",4,0,NA
"50594",2,0,NA
"50606",4,0,NA
"50615",15,0,NA
"50623",2,0,NA
"50628",9,0,NA
"50635",1,0,NA
"50642",1,0,NA
"50644",1,0,NA
"50675",1,0,NA
"50716",1,0,NA
"50782",1,0,NA
"50797",1,0,NA
"50800",1,0,NA
"50806",1,0,NA
"50808",9,0,NA
"50818",1,0,NA
"50828",2,0,NA
"50837",1,0,NA
"5084",2,0,NA
"50842",3,0,NA
"50862",2,0,NA
"50863",7,0,NA
"50899",8,0,NA
"5090",178,5.5,0.0113440182773411
"50902",3,0,NA
"50903",3,0,NA
"50906",10,0,NA
"50912",1,0,NA
"50920",1,0,NA
"50926",1,0,NA
"50928",1,0,NA
"50933",3,0,NA
"50942",6,0,NA
"50959",1,0,NA
"50970",5,0,NA
"50976",9,0,NA
"50984",4,0,NA
"50992",1,0,NA
"50994",9,100,0.993421052631579
"51013",1,0,NA
"51017",2,0,NA
"51019",7,0,NA
"51021",1,0,NA
"51022",1,0,NA
"51025",1,0,NA
"51026",1,0,NA
"51027",1,0,NA
"51030",4,0,NA
"51034",7,1,0.0146074646074646
"51037",2,0,NA
"51110",9,0,NA
"51113",5,0,NA
"51124",3,0,NA
"51205",6,0,NA
"5124",7,0,NA
"51246",5,0,NA
"51249",4,0,NA
"51281",1,0,NA
"51300",1,0,NA
"51313",2,0,NA
"51355",1,0,NA
"51358",2,0,NA
"51362",8,0.5,0.0131578947368421
"51370",7,0,NA
"51374",10,0,NA
"51398",2,0,NA
"51401",3,0,NA
"51405",1,0,NA
"51408",3,0,NA
"51419",1,0,NA
"51422",3,0,NA
"51429",4,0,NA
"51436",2,0,NA
"51443",1,0,NA
"51444",2,0,NA
"51449",3,0,NA
"51464",5,0,NA
"51471",3,0,NA
"51480",1,0,NA
"51502",1,0,NA
"51513",3,0,NA
"51517",1,0,NA
"51532",1,0,NA
"51542",6,0,NA
"51544",1,0,NA
"51552",1,0,NA
"51560",1,0,NA
"51569",1,0,NA
"51570",1,0,NA
"51571",1,0,NA
"51582",1,0,NA
"5163",29,1,0.00301817257593087
"5174",85,23,0.0127282228908899
"5182",2,0,NA
"5185",48,65,0.0456164376467828
"5191",1,0,NA
"52089",4,0,NA
"52116",1,0,NA
"52166",1,0,NA
"522",3,0,NA
"52293",12,0,NA
"52319",1,0,NA
"5254",2,0,NA
"5256",1,0,NA
"5268",13,4,0.0210933560873444
"5272",2,0,NA
"5280",82,94,0.0361477387035739
"5288",14,0.5,0.00444444444444444
"5295",7,0,NA
"5299",10,0,NA
"5302",23,0,NA
"5315",1,0,NA
"5319",1,0,NA
"5336",2,0,NA
"5345",2,0,NA
"5356",20,1,0.005941770647653
"5357",19,0,NA
"5361",15,31.5,0.107554569782273
"5362",1,0,NA
"5363",2,0,NA
"5399",63,152.5,0.0390941942334418
"5405",62,18.5,0.0123924101445936
"5406",6,3,0.0142857142857143
"5408",2,0,NA
"5428",8,3,0.0223048327137546
"5456",196,60.5,0.0120129405847891
"5464",3,0,NA
"5473",17,0,NA
"5504",169,208,0.0299773298533715
"5512",4,0,NA
"5514",27,0.5,0.0227272727272727
"5517",3,0,NA
"5564",1,0,NA
"5571",46,18.5,0.0161191651816576
"5573",27,0,NA
"5580",13,24,0.0348079552251451
"5605",41,59.5,0.0200661909588171
"5608",66,26.5,0.00904592783680589
"561",118,405.5,0.0507286146556444
"5611",2,0,NA
"5631",1,0,NA
"564",156,46.5,0.0245605987931497
"5640",13,0,NA
"5678",30,3,0.0348837209302326
"5687",40,25.5,0.0296456765500976
"5698",1,0,NA
"5707",13,3,0.0348837209302326
"579",17,3,0.0303030303030303
"5853",3,0,NA
"586",107,249.5,0.0242195760632491
"5861",73,66.5,0.034389778220236
"5911",5,0,NA
"5924",207,1093.5,0.0593077180791236
"5940",19,0.5,0.00354609929078014
"5941",21,15.5,0.133275691699605
"5990",60,75.5,0.0628608418812731
"5997",18,0,NA
"6032",12,26,0.0170600384453269
"6041",3,0,NA
"6072",4,0,NA
"6075",217,1791.5,0.0883594298667921
"6077",458,2218.5,0.0600290396621039
"609",47,48.5,0.0474808950901149
"6101",44,1.5,0.00328042328042328
"6104",141,55,0.0301622491340686
"6126",38,4.5,0.0142115875895936
"6142",30,14,0.0114529271765129
"6146",3,0,NA
"6158",1,0,NA
"6162",8,3.5,0.0302428018908466
"6169",28,4.5,0.0134159591863315
"6170",47,15,0.288461538461538
"6172",1,0,NA
"6178",11,6,0.0146798592977837
"618",3,0,NA
"6190",2,0,NA
"6207",36,23,0.0147789310495565
"6227",7,0.5,0.0033112582781457
"6236",1,0,NA
"6252",40,7,0.012869575888929
"6259",16,3,0.0171919770773639
"6267",6,0,NA
"6273",225,35,0.0316328212381497
"6285",227,717,0.0420122553773533
"6333",158,39.5,0.0167938020736125
"6349",140,386.5,0.030691941836892
"6375",108,46,0.0255190329388648
"6381",15,3.5,0.0232843137254902
"6382",8,7.5,0.0203957016596593
"6387",1,0,NA
"6389",20,0,NA
"6413",28,52,0.0574125799419542
"6421",44,28,0.0494959193052877
"6422",97,334,0.0720900106353831
"6427",86,338,0.139976862197455
"6459",13,2,0.00307431756377674
"6463",38,36.5,0.016522045185431
"647",29,48,0.0937245097444923
"6470",4,0,NA
"6472",19,4.5,0.00808056881093431
"6473",25,1.5,0.00332915092183267
"6477",27,0.5,0.00526315789473684
"6483",70,557.5,0.0903669480215134
"6490",274,2264.5,0.0855453172524381
"6492",9,24,0.231210984140871
"6493",23,205.5,0.0941667543468598
"652",4,0,NA
"6529",291,341.5,0.0251499656609235
"6559",14,0.5,0.00398406374501992
"6570",2,0,NA
"6573",8,0,NA
"6580",1,0,NA
"6586",10,0,NA
"6595",5,1,0.00903428539363672
"6623",15,0.5,0.00581395348837209
"6644",12,0,NA
"6653",215,1175.5,0.0629523226058742
"6681",67,62.5,0.0321225283554444
"6684",417,365,0.0365233695584536
"6686",9,0,NA
"6706",1,0,NA
"6720",1,0,NA
"6725",2,3,0.021978021978022
"6727",14,0,NA
"6747",29,4,0.00953885947494237
"6770",1,0,NA
"678",2,0,NA
"6781",12,0,NA
"6820",54,9,0.0141515629029809
"6822",1,0,NA
"6823",1,0,NA
"6830",17,2,0.00644301000206012
"6835",43,49,0.0249249585318095
"6887",1,0,NA
"6901",27,0.5,0.00746268656716418
"691",9,0,NA
"6928",2,0,NA
"6950",7,0,NA
"6966",3,0,NA
"6979",30,22.5,0.0422812289094443
"6989",152,68,0.0233098630227306
"701",39,25.5,0.0503941538103029
"7017",11,0,NA
"7033",382,499.5,0.0576924996047699
"7035",255,494,0.0298623989976364
"7043",133,109,0.0445988606899504
"7048",8,0,NA
"7063",21,6.5,0.0217929701395368
"7064",7,0,NA
"7074",9,0,NA
"7077",13,1,0.00218002812939522
"7089",29,29,0.00877901358564123
"7096",70,120,0.0226042195956402
"71",1,0,NA
"7107",372,279,0.0328768627558225
"711",48,476,0.23364293783224
"7116",3,0,NA
"7117",17,0,NA
"7125",9,0,NA
"7128",255,365.5,0.0173197159490529
"7139",17,4.5,0.00660045710303442
"7147",590,636.5,0.0389209975932808
"715",222,538,0.0328439384401316
"7171",17,21,0.0147075461872584
"7175",102,48.5,0.0230163867956861
"7181",21,35.5,0.0279359485168228
"721",305,2485.5,0.0853472164317671
"7236",43,21,0.114603174603175
"7270",252,54.5,0.0359988233751208
"7276",29,0.5,0.111111111111111
"73",5,0,NA
"7319",67,3.5,0.00767720704429565
"7346",2,0,NA
"7347",28,0,NA
"7348",9,0,NA
"7358",28,4,0.0139371959719354
"7378",42,188,0.0376356109104338
"7387",228,10.5,0.0140519515055214
"7407",6,15,0.0835654596100279
"7412",27,5.5,0.00729410149344809
"7419",18,2,0.00589457067981094
"7427",8,1.5,0.00379717469506621
"7431",76,63,0.0255397900645289
"745",30,28.5,0.0203776348716538
"7479",10,6.5,0.0127289963994756
"7490",17,24.5,0.0630276593696821
"7534",121,97.5,0.038349414252711
"7551",139,36,0.032883501521257
"7579",26,49,0.0287039813056803
"7580",1,0,NA
"7586",1,0.5,0.00578034682080925
"7589",3,0,NA
"7590",24,24.5,0.0112796016647226
"7599",74,2,0.00610829355429987
"7609",10,16.5,0.0794242146062832
"761",101,63,0.0240951962362975
"7618",8,3,0.038961038961039
"7623",4,3,0.0363636363636364
"7625",1,0,NA
"7626",2,0,NA
"7651",139,505.5,0.057722517725494
"7660",230,62.5,0.0211737609902677
"7668",42,3,0.00931644404095552
"7677",1,0,NA
"7680",370,940.5,0.0676942740888862
"7696",150,223,0.0745789194150881
"77",1,0,NA
"7709",146,166,0.0298600660029781
"7715",1,0,NA
"7719",3,6,0.0419640718562874
"7739",14,21.5,0.0288052862222257
"7796",90,106.5,0.0325867581830842
"7797",8,0,NA
"7807",18,15.5,0.0410752527516311
"7809",1,0,NA
"7817",6,0,NA
"7824",1,0,NA
"785",9,9,0.0253598783098963
"7854",1,0,NA
"786",109,107,0.0287900838811744
"7866",1,0,NA
"7867",237,348.5,0.0187479552274775
"7871",63,128.5,0.0317410814373667
"7875",8,0,NA
"7877",4,0,NA
"7892",118,659.5,0.0497226280452086
"7895",907,12273.5,0.129305786624856
"7916",167,1755,0.0971433502372501
"7920",252,1212,0.117900426392216
"7923",58,172,0.0458711799782987
"7947",132,10,0.0105798244521392
"7951",36,1.5,0.00283259120068899
"7964",6,0,NA
"8013",52,66.5,0.0195490694135509
"802",3,0,NA
"8023",46,35,0.0188258608461595
"8043",38,3,0.00931407290530899
"8048",9,0,NA
"8059",340,760.5,0.0299512903078776
"8069",15,3,0.0131578947368421
"8075",2,0,NA
"8077",32,164,0.120595553321629
"8090",63,23.5,0.0806734752044711
"8097",42,52.5,0.0209510540710607
"8100",11,8,0.0141351842658965
"8101",11,0,NA
"8108",16,137.5,0.165278883582679
"8124",9,0,NA
"8174",16,0,NA
"8175",19,0.5,0.0140845070422535
"8185",1,0,NA
"8190",3,0,NA
"8193",54,312,0.0791927244169466
"8197",8,49.5,0.0612674686342283
"8203",3,0,NA
"8204",27,15,0.254237288135593
"8207",244,412.5,0.0275119635889391
"8213",22,0,NA
"8214",154,128.5,0.0263122358614913
"8218",264,826,0.0439351824539577
"8238",173,40,0.021965727824664
"8239",151,191.5,0.077799228560907
"8244",121,410,0.0373231660242024
"8256",137,111.5,0.0101181225432005
"8258",11,0.5,0.00354609929078014
"8259",2,0,NA
"8260",27,3,0.0117878192534381
"8263",5,0,NA
"8276",6,0,NA
"8277",6,3,0.0408163265306122
"828",11,0,NA
"8281",9,0.5,0.0018018018018018
"8283",6,0,NA
"8288",2,0,NA
"8289",3,0,NA
"8292",1,0,NA
"83",1,0,NA
"8312",14,0,NA
"8323",74,20.5,0.0129408014001853
"8324",6,0,NA
"8330",31,0,NA
"8331",143,385.5,0.035166218435455
"8335",72,33.5,0.0146236908672971
"8339",221,91,0.021603312295865
"8353",76,141,0.0184572951245454
"8356",77,38,0.0219968767847327
"8436",31,3,0.00259635391713272
"8441",70,83,0.0507022301899189
"8444",17,0.5,0.00232018561484919
"8449",3,0,NA
"8450",6,4,0.00698396901177764
"8457",4,0.5,0.00571428571428571
"8459",237,165,0.0179900410364179
"846",22,20.5,0.0132023680316267
"8480",3,0,NA
"8484",92,116.5,0.0175647918737043
"8485",4,0.5,0.00398406374501992
"8487",7,0,NA
"8501",137,91,0.0182984798234967
"8504",5,3.5,0.0210446247464503
"8518",1,0,NA
"8519",25,0.5,0.00505050505050505
"8533",92,48,0.0122737927971072
"8539",47,55.5,0.0179494329063717
"8555",2,0,NA
"8556",1,0,NA
"8563",276,932.5,0.0381609510582666
"8573",4,0,NA
"8576",39,31.5,0.0222795617225445
"8577",18,0,NA
"8579",3,0,NA
"8595",14,2,0.00597906199555695
"8603",1,0,NA
"8610",3,0.5,0.00371747211895911
"8611",110,150,0.0134075288815681
"8613",105,115,0.0601779439961499
"8620",2,0,NA
"8627",64,128,0.0670074912866772
"8633",7,0,NA
"8640",3,15,0.0917431192660551
"8662",1,0,NA
"8697",351,167,0.0248115625044251
"8706",172,458,0.0393468730325776
"8710",41,0.5,0.00384615384615385
"8712",128,99.5,0.0294509804381983
"8722",39,26,0.00908197221779034
"8742",351,46,0.033860324877785
"8769",1,0,NA
"8779",12,3.5,0.0352463267070009
"8782",23,2,0.00336490857801975
"88",11,0,NA
"8821",73,51.5,0.0133993036173297
"8822",1,0,NA
"8824",2,0,NA
"8846",125,94,0.0293243074681007
"8847",10,0,NA
"8848",52,54.5,0.0112173766421166
"8849",168,58,0.016389752888678
"8853",77,51.5,0.038618877970584
"8859",14,0,NA
"8863",430,387,0.0518885118685037
"8885",144,88,0.0530476678023373
"889",23,28.5,0.0194103902942487
"8901",2,0,NA
"8905",121,189.5,0.0248650585606789
"891",8,0,NA
"893",9,4.5,0.00876995459549191
"8932",30,14,0.026128223689014
"8939",12,18.5,0.064204138460629
"8948",119,212,0.0305256828715502
"895",5,0,NA
"8976",2,0,NA
"8985",18,1,0.0156009244992296
"9004",33,2,0.0119669862079729
"9008",5,16,0.0715840057853326
"9012",3,0,NA
"9016",1,0,NA
"902",63,372,0.0800951885948702
"9021",37,31,0.0154521426388177
"9042",262,149,0.0167305751131221
"9070",103,12.5,0.0136497539194688
"9089",90,80.5,0.0480163554264845
"9117",3,0,NA
"912",4,15,0.12
"9120",1,0,NA
"913",1,0,NA
"9144",1,0,NA
"9157",8,0.5,0.00446428571428571
"9159",5,0,NA
"9166",2,0,NA
"9183",97,193.5,0.099453762865572
"9184",1,0,NA
"9219",5,0.5,0.00591715976331361
"9249",3,0,NA
"9252",4,0,NA
"9258",1,0,NA
"9261",9,0,NA
"9265",41,97,0.0238477060059948
"9269",11,0,NA
"9270",1,0,NA
"9271",90,227,0.0579654598471899
"9272",2,0,NA
"9275",49,6,0.00959630494263376
"9276",1,0,NA
"9277",2,0,NA
"9280",76,12.5,0.0063513384477529
"9283",121,127.5,0.0142985694261038
"9289",1,0,NA
"9290",47,15,0.0770096669015858
"9291",48,4,0.00556043806797155
"9292",15,0,NA
"9297",11,3,0.0223048327137546
"9300",6,0,NA
"9333",1,0,NA
"934",12,1.5,0.00385775340812054
"9369",691,3690,0.0592144110960081
"9386",2,0,NA
"9387",371,422.5,0.0234574673795152
"9402",227,1000,0.0448831174958077
"9419",13,6,0.0231046075919371
"9458",23,0,NA
"9463",2,0,NA
"9467",14,0,NA
"9471",5,0,NA
"9472",2,0,NA
"9504",5,0,NA
"9550",6,0,NA
"9571",27,18.5,0.0519704173688686
"9601",1,0,NA
"9612",39,194.5,0.0601368664788094
"9618",63,125.5,0.0271235967455997
"9627",1,0,NA
"9655",202,78.5,0.0488509663075644
"9663",78,1.5,0.0292535531632336
"9664",2,0,NA
"9665",4,1,0.00625880143952433
"9668",5,7,0.0597692148694629
"9670",186,115,0.054280397140797
"9685",1,0,NA
"978",3,0,NA
"980",24,3,0.016260162601626
"984",49,78.5,0.0212046931108217
"987",21,0,NA
"989",63,98.5,0.0732804671627062
"9948",33,39.5,0.0153744545191263
"9955",43,5.5,0.0067490239764894
"9958",15,0.5,0.00279329608938547
"9962",113,246,0.0321924917317489
"9963",145,12.5,0.016514621232384
"9981",2,0,NA
"9982",180,63.5,0.0175795140321325
